TOP Searches,Value,,,,TOP Searches (realted topics),Value
nike,100,,,,Nike,100
shoes,15,,,,Nike Store,64
nike shoes,15,,,,Shoe,16
nike air,10,,,,Man,9
air max,4,,,,Trainer,5
nike air max,4,,,,Air Jordan,5
jordan,4,,,,Black,4
nike jordan,4,,,,Nike Dunk,4
nike tech,4,,,,Nike Air Max,4
dunks,3,,,,Pink,3
nike dunks,3,,,,Hoodie,3
nike hoodie,3,,,,adidas,3
nike dunk,2,,,,adidas,2
nikes,2,,,,Running,2
nike kids,2,,,,Cleat,2
adidas,2,,,,Nike Air Force,2
nike shoe,2,,,,Jacket,2
nike running,2,,,,Trousers,2
nike sneakers,2,,,,Nike Air Force 1,2
nike cleats,2,,,,Nike Dunk,2
nike vomero,2,,,,Sock,2
nike air force,2,,,,Tracksuit Bottoms,2
nike store,2,,,,New Balance,2
nike pants,2,,,,New Balance,2
nike sb,2,,,,,
,,,,,,
,,,,,,
,,,,,,
,,,,,,
,,,,,,
,,,,,,
,,,,,,
,,,,,,
,,,,,,
,,,,,,
,,,,,,
,,,,,,
,,,,,,
,,,,,,
,,,,,,
,,,,,,
,,,,,,
,,,,,,
,,,,,,
,,,,,,
,,,,,,
,,,,,,
,,,,,,
,,,,,,
,,,,,,
,,,,,,
,,,,,,
